companyID,candleTime,closePrice,MaxCandleTime,Close,maxProfit,Name
1,"2017-02-01 14:30:00",1470.60,"2017-02-01 14:45:00",1470.00,-0.60,ACC
1,"2017-02-01 14:30:00",1470.60,"2017-02-01 15:15:00",1470.00,-0.60,ACC
2,"2018-02-02 13:00:00",424.95,"2018-02-02 13:15:00",422.65,-2.30,ADANIPORTS
2,"2016-02-17 11:30:00",206.45,"2016-02-17 15:00:00",213.00,6.55,ADANIPORTS
2,"2016-02-17 12:00:00",205.90,"2016-02-17 15:00:00",213.00,7.10,ADANIPORTS
2,"2016-01-14 12:45:00",231.75,"2016-01-14 13:15:00",232.45,0.70,ADANIPORTS
2,"2016-01-19 14:15:00",231.25,"2016-01-19 15:00:00",233.30,2.05,ADANIPORTS
2,"2015-08-25 14:15:00",345.90,"2015-08-25 14:30:00",345.70,-0.20,ADANIPORTS
3,"2017-07-10 13:45:00",254.25,"2017-07-10 14:30:00",254.75,0.50,AMBUJACEM
3,"2016-06-24 13:30:00",244.25,"2016-06-24 15:15:00",248.20,3.95,AMBUJACEM
4,"2017-12-18 10:30:00",114.65,"2017-12-18 12:00:00",115.65,1.00,ASHOKLEY
4,"2016-02-12 15:00:00",83.40,"2016-02-12 15:15:00",83.25,-0.15,ASHOKLEY
4,"2016-02-17 12:00:00",87.95,"2016-02-17 15:15:00",90.35,2.40,ASHOKLEY
4,"2015-08-25 15:00:00",86.20,"2015-08-25 15:15:00",87.15,0.95,ASHOKLEY
4,"2015-09-29 13:00:00",90.95,"2015-09-29 13:45:00",91.65,0.70,ASHOKLEY
4,"2015-02-18 15:00:00",69.50,"2015-02-18 15:15:00",68.95,-0.55,ASHOKLEY
4,"2015-02-28 14:30:00",68.50,"2015-02-28 15:15:00",70.90,2.40,ASHOKLEY
4,"2014-11-12 13:45:00",53.80,"2014-11-12 14:00:00",53.85,0.05,ASHOKLEY
4,"2014-11-13 09:45:00",55.60,"2014-11-13 10:15:00",55.40,-0.20,ASHOKLEY
6,"2017-09-29 13:45:00",701.20,"2017-09-29 14:00:00",702.05,0.85,AUROPHARMA
6,"2017-11-02 09:45:00",792.65,"2017-11-02 10:45:00",794.50,1.85,AUROPHARMA
6,"2017-06-01 09:45:00",600.95,"2017-06-01 10:00:00",599.50,-1.45,AUROPHARMA
6,"2017-06-01 11:00:00",594.50,"2017-06-01 11:15:00",592.95,-1.55,AUROPHARMA
6,"2017-02-06 12:45:00",703.45,"2017-02-06 14:30:00",707.80,4.35,AUROPHARMA
6,"2017-02-06 13:30:00",703.05,"2017-02-06 14:30:00",707.80,4.75,AUROPHARMA
6,"2016-06-24 14:00:00",690.05,"2016-06-24 15:15:00",703.00,12.95,AUROPHARMA
6,"2016-02-10 13:45:00",684.05,"2016-02-10 14:30:00",702.30,18.25,AUROPHARMA
6,"2016-02-11 12:00:00",685.40,"2016-02-11 12:15:00",684.30,-1.10,AUROPHARMA
6,"2015-08-19 11:00:00",807.00,"2015-08-19 14:00:00",823.95,16.95,AUROPHARMA
6,"2015-08-25 12:45:00",734.55,"2015-08-25 15:15:00",743.00,8.45,AUROPHARMA
6,"2015-08-25 14:15:00",733.00,"2015-08-25 15:15:00",743.00,10.00,AUROPHARMA
6,"2015-07-31 12:00:00",752.50,"2015-07-31 13:00:00",763.40,10.90,AUROPHARMA
6,"2015-02-11 14:00:00",556.00,"2015-02-11 15:15:00",553.00,-3.00,AUROPHARMA
6,"2015-02-26 14:45:00",511.53,"2015-02-26 15:15:00",516.65,5.12,AUROPHARMA
7,"2015-02-28 12:30:00",585.00,"2015-02-28 15:15:00",618.50,33.50,AXISBANK
7,"2016-11-09 11:00:00",479.40,"2016-11-09 14:00:00",492.50,13.10,AXISBANK
7,"2016-11-09 11:30:00",480.80,"2016-11-09 14:00:00",492.50,11.70,AXISBANK
9,"2016-11-09 13:45:00",3019.80,"2016-11-09 14:30:00",3050.25,30.45,BAJAJFINSV
9,"2016-11-16 11:30:00",2950.05,"2016-11-16 13:15:00",2978.95,28.90,BAJAJFINSV
9,"2016-10-14 11:15:00",3215.30,"2016-10-14 11:30:00",3212.00,-3.30,BAJAJFINSV
9,"2016-06-24 14:00:00",2061.00,"2016-06-24 15:00:00",2074.75,13.75,BAJAJFINSV
9,"2016-06-24 14:15:00",2066.00,"2016-06-24 15:00:00",2074.75,8.75,BAJAJFINSV
9,"2016-04-13 10:15:00",1831.00,"2016-04-13 10:30:00",1830.00,-1.00,BAJAJFINSV
9,"2016-04-13 10:15:00",1831.00,"2016-04-13 11:30:00",1830.00,-1.00,BAJAJFINSV
9,"2016-04-18 10:30:00",1890.00,"2016-04-18 11:15:00",1889.00,-1.00,BAJAJFINSV
9,"2016-05-02 11:00:00",1888.70,"2016-05-02 14:45:00",1950.20,61.50,BAJAJFINSV
9,"2016-03-01 14:45:00",1680.00,"2016-03-01 15:00:00",1695.00,15.00,BAJAJFINSV
9,"2015-09-01 10:00:00",1838.00,"2015-09-01 10:15:00",1833.00,-5.00,BAJAJFINSV
9,"2015-06-29 11:45:00",1505.00,"2015-06-29 14:00:00",1519.85,14.85,BAJAJFINSV
9,"2015-07-06 10:00:00",1747.95,"2015-07-06 10:15:00",1745.15,-2.80,BAJAJFINSV
9,"2015-07-06 10:45:00",1735.00,"2015-07-06 12:45:00",1735.80,0.80,BAJAJFINSV
9,"2015-08-07 10:00:00",2021.00,"2015-08-07 10:45:00",2022.20,1.20,BAJAJFINSV
9,"2015-02-02 13:45:00",1508.95,"2015-02-02 15:00:00",1509.00,0.05,BAJAJFINSV
9,"2015-02-02 13:45:00",1508.95,"2015-02-02 15:15:00",1509.00,0.05,BAJAJFINSV
9,"2014-10-20 11:15:00",1043.00,"2014-10-20 11:30:00",1036.00,-7.00,BAJAJFINSV
9,"2014-12-17 11:15:00",1299.95,"2014-12-17 12:30:00",1300.05,0.10,BAJAJFINSV
10,"2017-01-30 13:45:00",1043.00,"2017-01-30 15:00:00",1054.70,11.70,BAJFINANCE
10,"2016-11-09 13:00:00",911.00,"2016-11-09 13:30:00",932.95,21.95,BAJFINANCE
10,"2016-11-25 14:45:00",872.85,"2016-11-25 15:00:00",878.50,5.65,BAJFINANCE
10,"2016-08-01 11:30:00",1126.61,"2016-08-01 12:00:00",1125.26,-1.35,BAJFINANCE
10,"2016-03-01 13:30:00",621.71,"2016-03-01 13:45:00",621.01,-0.70,BAJFINANCE
10,"2015-10-20 14:45:00",531.61,"2015-10-20 15:15:00",532.00,0.39,BAJFINANCE
10,"2015-05-08 10:15:00",425.69,"2015-05-08 15:00:00",434.50,8.81,BAJFINANCE
10,"2015-05-08 10:15:00",425.69,"2015-05-08 15:15:00",434.50,8.81,BAJFINANCE
10,"2015-01-14 10:15:00",357.50,"2015-01-14 14:15:00",395.00,37.50,BAJFINANCE
10,"2015-01-28 10:15:00",441.00,"2015-01-28 11:45:00",446.49,5.49,BAJFINANCE
10,"2015-02-02 11:45:00",414.50,"2015-02-02 13:45:00",419.00,4.50,BAJFINANCE
11,"2017-01-04 14:45:00",314.30,"2017-01-04 15:15:00",314.30,0.00,BHARTIARTL
11,"2016-11-09 10:45:00",301.35,"2016-11-09 13:45:00",303.70,2.35,BHARTIARTL
11,"2015-04-28 14:00:00",395.40,"2015-04-28 14:45:00",403.15,7.75,BHARTIARTL
12,"2016-11-09 09:45:00",91.27,"2016-11-09 14:30:00",93.30,2.03,BHEL
12,"2016-11-09 13:45:00",92.27,"2016-11-09 14:30:00",93.30,1.03,BHEL
12,"2016-11-09 14:15:00",92.53,"2016-11-09 14:30:00",93.30,0.77,BHEL
12,"2016-07-13 11:15:00",95.67,"2016-07-13 12:00:00",95.87,0.20,BHEL
12,"2016-02-15 11:45:00",71.20,"2016-02-15 13:15:00",72.53,1.33,BHEL
12,"2016-02-15 11:45:00",71.20,"2016-02-15 13:45:00",72.53,1.33,BHEL
12,"2016-02-17 11:30:00",69.67,"2016-02-17 15:00:00",70.77,1.10,BHEL
12,"2015-11-06 15:00:00",127.53,"2015-11-06 15:15:00",128.00,0.47,BHEL
12,"2016-01-18 14:15:00",96.93,"2016-01-18 14:30:00",96.43,-0.50,BHEL
13,"2017-11-17 11:30:00",400.60,"2017-11-17 12:15:00",400.75,0.15,BIOCON
13,"2017-08-11 13:00:00",344.65,"2017-08-11 13:15:00",344.10,-0.55,BIOCON
13,"2017-04-25 09:45:00",386.58,"2017-04-25 14:15:00",394.38,7.80,BIOCON
13,"2017-05-29 12:45:00",317.98,"2017-05-29 13:30:00",317.82,-0.16,BIOCON
13,"2016-07-22 14:45:00",265.67,"2016-07-22 15:15:00",274.60,8.93,BIOCON
13,"2016-04-05 11:15:00",174.23,"2016-04-05 14:30:00",177.17,2.94,BIOCON
13,"2015-09-08 14:15:00",145.45,"2015-09-08 14:30:00",144.70,-0.75,BIOCON
14,"2016-11-09 09:45:00",21016.00,"2016-11-09 14:00:00",21310.60,294.60,BOSCHLTD
14,"2016-11-09 10:00:00",20915.10,"2016-11-09 14:00:00",21310.60,395.50,BOSCHLTD
14,"2016-02-29 13:45:00",16994.10,"2016-02-29 14:00:00",17050.00,55.90,BOSCHLTD
14,"2015-02-10 11:00:00",23165.00,"2015-02-10 11:45:00",23215.00,50.00,BOSCHLTD
14,"2014-12-04 12:30:00",20923.50,"2014-12-04 13:15:00",21038.00,114.50,BOSCHLTD
14,"2014-11-20 14:45:00",18860.00,"2014-11-20 15:00:00",18949.95,89.95,BOSCHLTD
15,"2016-11-09 09:45:00",434.20,"2016-11-09 14:15:00",439.63,5.43,BPCL
15,"2016-11-09 11:30:00",433.60,"2016-11-09 15:15:00",443.20,9.60,BPCL
15,"2016-02-29 13:00:00",255.30,"2016-02-29 13:15:00",262.12,6.82,BPCL
15,"2016-03-08 11:45:00",276.70,"2016-03-08 12:15:00",276.80,0.10,BPCL
15,"2016-03-08 12:00:00",276.73,"2016-03-08 12:15:00",276.80,0.07,BPCL
15,"2015-08-25 14:15:00",283.37,"2015-08-25 15:15:00",289.60,6.23,BPCL
15,"2015-02-16 09:30:00",250.43,"2015-02-16 10:00:00",249.90,-0.53,BPCL
16,"2017-08-07 11:45:00",4129.55,"2017-08-07 12:15:00",4193.00,63.45,BRITANNIA
16,"2016-02-29 13:00:00",2775.00,"2016-02-29 13:45:00",2814.95,39.95,BRITANNIA
16,"2016-02-29 13:00:00",2775.00,"2016-02-29 14:00:00",2814.95,39.95,BRITANNIA
16,"2016-02-29 13:45:00",2814.95,"2016-02-29 14:00:00",2814.95,0.00,BRITANNIA
16,"2015-08-25 14:15:00",2983.30,"2015-08-25 15:15:00",2999.80,16.50,BRITANNIA
16,"2015-05-07 10:45:00",2279.95,"2015-05-07 11:15:00",2275.00,-4.95,BRITANNIA
16,"2014-11-26 11:00:00",1627.60,"2014-11-26 15:15:00",1654.00,26.40,BRITANNIA
17,"2017-05-29 12:45:00",503.75,"2017-05-29 14:45:00",507.00,3.25,CIPLA
17,"2016-11-09 14:15:00",528.65,"2016-11-09 14:30:00",528.10,-0.55,CIPLA
17,"2016-02-11 12:45:00",543.05,"2016-02-11 14:30:00",545.00,1.95,CIPLA
17,"2015-08-25 12:45:00",646.20,"2015-08-25 13:00:00",650.00,3.80,CIPLA
17,"2014-12-23 14:45:00",631.85,"2014-12-23 15:00:00",630.10,-1.75,CIPLA
18,"2017-08-17 10:00:00",245.60,"2017-08-17 13:00:00",249.00,3.40,COALINDIA
19,"2015-06-17 11:00:00",268.45,"2015-06-17 13:15:00",269.40,0.95,DABUR
20,"2017-09-28 11:00:00",2386.00,"2017-09-28 12:15:00",2408.00,22.00,DRREDDY
20,"2017-11-21 13:00:00",2392.60,"2017-11-21 13:45:00",2422.00,29.40,DRREDDY
20,"2016-11-09 09:45:00",3115.65,"2016-11-09 14:30:00",3329.50,213.85,DRREDDY
20,"2015-08-25 12:45:00",4099.85,"2015-08-25 15:00:00",4108.90,9.05,DRREDDY
20,"2015-08-25 14:15:00",4096.05,"2015-08-25 15:00:00",4108.90,12.85,DRREDDY
21,"2016-11-16 11:15:00",21033.35,"2016-11-16 12:30:00",21735.10,701.75,EICHERMOT
21,"2015-04-27 13:45:00",14732.30,"2015-04-27 14:30:00",14949.95,217.65,EICHERMOT
21,"2015-05-11 11:15:00",16540.00,"2015-05-11 15:00:00",16865.00,325.00,EICHERMOT
22,"2017-08-11 12:30:00",370.85,"2017-08-11 12:45:00",370.55,-0.30,GAIL
22,"2017-08-11 12:30:00",370.85,"2017-08-11 13:00:00",370.55,-0.30,GAIL
22,"2016-12-01 09:30:00",329.32,"2016-12-01 14:00:00",332.37,3.05,GAIL
22,"2016-11-09 14:15:00",332.26,"2016-11-09 15:00:00",335.41,3.15,GAIL
22,"2016-03-08 10:45:00",262.78,"2016-03-08 15:15:00",265.38,2.60,GAIL
22,"2015-12-16 09:45:00",268.87,"2015-12-16 10:00:00",268.05,-0.82,GAIL
22,"2015-08-26 11:00:00",215.71,"2015-08-26 11:30:00",216.99,1.28,GAIL
22,"2015-08-26 12:15:00",215.15,"2015-08-26 13:30:00",215.86,0.71,GAIL
23,"2017-07-27 12:45:00",1062.05,"2017-07-27 15:00:00",1080.15,18.10,GODREJCP
23,"2017-08-11 11:30:00",916.55,"2017-08-11 12:30:00",916.20,-0.35,GODREJCP
23,"2016-05-11 11:00:00",704.00,"2016-05-11 11:45:00",707.80,3.80,GODREJCP
23,"2016-03-11 10:30:00",647.35,"2016-03-11 15:00:00",650.15,2.80,GODREJCP
23,"2015-06-26 11:30:00",593.35,"2015-06-26 15:15:00",601.50,8.15,GODREJCP
23,"2015-07-31 10:15:00",689.13,"2015-07-31 11:00:00",692.50,3.37,GODREJCP
23,"2015-08-04 10:15:00",700.53,"2015-08-04 10:30:00",695.83,-4.70,GODREJCP
23,"2015-08-05 10:15:00",693.50,"2015-08-05 15:00:00",708.48,14.98,GODREJCP
23,"2015-04-08 14:15:00",589.75,"2015-04-08 15:00:00",589.40,-0.35,GODREJCP
23,"2015-04-10 10:15:00",605.98,"2015-04-10 10:30:00",606.50,0.52,GODREJCP
23,"2015-05-15 14:45:00",576.45,"2015-05-15 15:00:00",584.88,8.43,GODREJCP
23,"2015-02-10 11:15:00",565.05,"2015-02-10 11:30:00",566.50,1.45,GODREJCP
24,"2018-01-24 11:15:00",1035.50,"2018-01-24 11:45:00",1027.85,-7.65,HCLTECH
24,"2016-11-09 11:30:00",793.20,"2016-11-09 11:45:00",791.65,-1.55,HCLTECH
24,"2016-01-19 11:15:00",835.10,"2016-01-19 15:15:00",840.00,4.90,HCLTECH
24,"2014-12-16 11:15:00",767.35,"2014-12-16 13:15:00",780.15,12.80,HCLTECH
25,"2016-02-29 13:30:00",1072.00,"2016-02-29 15:15:00",1064.75,-7.25,HDFC
26,"2016-02-29 13:30:00",975.35,"2016-02-29 15:15:00",976.90,1.55,HDFCBANK
28,"2016-11-09 09:45:00",160.80,"2016-11-09 13:30:00",162.45,1.65,HINDALCO
28,"2016-11-09 09:45:00",160.80,"2016-11-09 14:00:00",162.45,1.65,HINDALCO
28,"2016-11-09 11:30:00",157.05,"2016-11-09 15:15:00",162.55,5.50,HINDALCO
28,"2016-11-09 13:00:00",160.40,"2016-11-09 15:15:00",162.55,2.15,HINDALCO
28,"2016-06-24 14:00:00",117.40,"2016-06-24 15:00:00",117.45,0.05,HINDALCO
28,"2016-02-04 12:15:00",70.15,"2016-02-04 12:30:00",70.05,-0.10,HINDALCO
28,"2016-02-17 11:30:00",64.35,"2016-02-17 15:15:00",66.15,1.80,HINDALCO
28,"2016-02-17 11:45:00",64.15,"2016-02-17 15:15:00",66.15,2.00,HINDALCO
28,"2016-02-17 12:00:00",64.15,"2016-02-17 15:15:00",66.15,2.00,HINDALCO
28,"2016-02-17 12:45:00",63.80,"2016-02-17 15:15:00",66.15,2.35,HINDALCO
28,"2016-03-03 10:30:00",77.70,"2016-03-03 14:00:00",79.70,2.00,HINDALCO
28,"2015-11-10 14:15:00",80.30,"2015-11-10 14:30:00",79.75,-0.55,HINDALCO
28,"2015-08-25 13:00:00",81.15,"2015-08-25 13:45:00",81.55,0.40,HINDALCO
29,"2017-11-07 13:30:00",440.05,"2017-11-07 15:15:00",447.00,6.95,HINDPETRO
29,"2016-11-15 14:00:00",287.87,"2016-11-15 15:00:00",297.00,9.13,HINDPETRO
29,"2016-01-19 14:00:00",185.37,"2016-01-19 14:15:00",185.05,-0.32,HINDPETRO
29,"2016-02-17 11:30:00",156.08,"2016-02-17 14:30:00",157.52,1.44,HINDPETRO
29,"2016-02-29 14:15:00",152.35,"2016-02-29 14:45:00",153.89,1.54,HINDPETRO
29,"2016-03-30 11:30:00",177.13,"2016-03-30 11:45:00",177.43,0.30,HINDPETRO
29,"2015-08-25 14:15:00",181.20,"2015-08-25 15:15:00",182.93,1.73,HINDPETRO
29,"2015-04-30 11:00:00",140.72,"2015-04-30 11:15:00",141.47,0.75,HINDPETRO
29,"2015-01-29 10:45:00",139.50,"2015-01-29 15:15:00",141.98,2.48,HINDPETRO
29,"2014-11-07 12:45:00",128.38,"2014-11-07 13:15:00",128.91,0.53,HINDPETRO
31,"2017-10-03 09:30:00",307.90,"2017-10-03 14:30:00",310.75,2.85,HINDZINC
31,"2017-05-26 11:15:00",241.50,"2017-05-26 11:30:00",242.75,1.25,HINDZINC
31,"2016-11-09 10:30:00",243.45,"2016-11-09 15:00:00",253.40,9.95,HINDZINC
31,"2016-11-09 11:30:00",246.95,"2016-11-09 15:00:00",253.40,6.45,HINDZINC
31,"2016-11-09 11:45:00",246.65,"2016-11-09 15:00:00",253.40,6.75,HINDZINC
31,"2016-08-05 10:15:00",217.75,"2016-08-05 11:00:00",219.35,1.60,HINDZINC
31,"2016-01-27 15:00:00",158.35,"2016-01-27 15:15:00",162.90,4.55,HINDZINC
31,"2015-10-07 13:45:00",146.80,"2015-10-07 15:15:00",148.90,2.10,HINDZINC
31,"2015-02-09 11:00:00",171.45,"2015-02-09 13:15:00",176.60,5.15,HINDZINC
31,"2015-02-10 10:45:00",175.80,"2015-02-10 15:15:00",179.15,3.35,HINDZINC
32,"2018-02-02 11:45:00",1343.95,"2018-02-02 13:00:00",1353.50,9.55,IBULHSGFIN
32,"2017-05-26 14:45:00",1084.35,"2017-05-26 15:00:00",1086.85,2.50,IBULHSGFIN
32,"2016-12-30 10:15:00",658.25,"2016-12-30 10:45:00",656.50,-1.75,IBULHSGFIN
32,"2017-01-02 11:30:00",671.80,"2017-01-02 14:45:00",682.85,11.05,IBULHSGFIN
32,"2016-11-09 13:00:00",693.10,"2016-11-09 14:30:00",735.05,41.95,IBULHSGFIN
32,"2016-11-09 15:00:00",724.25,"2016-11-09 15:15:00",724.70,0.45,IBULHSGFIN
32,"2016-11-11 12:45:00",704.00,"2016-11-11 13:00:00",707.50,3.50,IBULHSGFIN
32,"2015-11-19 09:30:00",625.85,"2015-11-19 09:45:00",615.70,-10.15,IBULHSGFIN
32,"2015-11-23 14:30:00",678.75,"2015-11-23 15:15:00",683.00,4.25,IBULHSGFIN
32,"2015-08-26 11:00:00",748.90,"2015-08-26 15:15:00",762.00,13.10,IBULHSGFIN
32,"2015-06-29 14:15:00",604.00,"2015-06-29 15:15:00",613.00,9.00,IBULHSGFIN
32,"2015-07-24 11:45:00",729.30,"2015-07-24 14:30:00",737.10,7.80,IBULHSGFIN
32,"2015-01-15 12:45:00",524.50,"2015-01-15 14:30:00",538.70,14.20,IBULHSGFIN
32,"2015-01-27 11:15:00",606.40,"2015-01-27 14:00:00",630.00,23.60,IBULHSGFIN
32,"2014-11-03 14:15:00",440.80,"2014-11-03 14:45:00",451.65,10.85,IBULHSGFIN
33,"2017-10-25 14:15:00",309.65,"2017-10-25 15:00:00",307.20,-2.45,ICICIBANK
33,"2016-11-09 09:45:00",248.82,"2016-11-09 14:30:00",257.14,8.32,ICICIBANK
33,"2016-11-09 10:45:00",242.14,"2016-11-09 14:30:00",257.14,15.00,ICICIBANK
33,"2016-11-09 13:45:00",253.86,"2016-11-09 14:30:00",257.14,3.28,ICICIBANK
33,"2016-11-09 14:15:00",256.45,"2016-11-09 14:30:00",257.14,0.69,ICICIBANK
33,"2015-08-25 12:45:00",254.36,"2015-08-25 15:15:00",258.18,3.82,ICICIBANK
33,"2015-07-31 13:30:00",278.27,"2015-07-31 13:45:00",277.50,-0.77,ICICIBANK
33,"2015-04-28 09:30:00",285.95,"2015-04-28 14:30:00",295.32,9.37,ICICIBANK
34,"2018-02-01 14:15:00",424.40,"2018-02-01 14:30:00",427.00,2.60,ICICIPRULI
34,"2017-10-03 10:00:00",407.45,"2017-10-03 14:45:00",415.15,7.70,ICICIPRULI
34,"2016-09-30 11:15:00",308.20,"2016-09-30 14:45:00",310.60,2.40,ICICIPRULI
35,"2017-10-23 12:30:00",98.30,"2017-10-23 15:15:00",98.80,0.50,IDEA
35,"2017-11-01 12:00:00",98.40,"2017-11-01 14:00:00",99.90,1.50,IDEA
35,"2017-05-08 14:45:00",87.95,"2017-05-08 15:00:00",87.80,-0.15,IDEA
35,"2017-05-08 15:00:00",87.80,"2017-05-08 15:15:00",87.50,-0.30,IDEA
35,"2017-01-31 13:15:00",115.90,"2017-01-31 13:30:00",115.85,-0.05,IDEA
35,"2016-11-09 10:30:00",70.25,"2016-11-09 13:45:00",72.50,2.25,IDEA
35,"2016-11-09 10:30:00",70.25,"2016-11-09 15:15:00",72.50,2.25,IDEA
35,"2016-04-18 11:15:00",121.60,"2016-04-18 11:45:00",121.10,-0.50,IDEA
35,"2016-01-14 12:30:00",121.00,"2016-01-14 13:15:00",121.60,0.60,IDEA
35,"2015-08-25 14:30:00",151.50,"2015-08-25 15:15:00",151.50,0.00,IDEA
35,"2015-03-12 10:45:00",167.90,"2015-03-12 14:30:00",174.80,6.90,IDEA
35,"2015-03-12 10:45:00",167.90,"2015-03-12 14:45:00",174.80,6.90,IDEA
35,"2015-03-12 10:45:00",167.90,"2015-03-12 15:00:00",174.80,6.90,IDEA
36,"2016-11-09 09:45:00",1192.25,"2016-11-09 14:15:00",1203.30,11.05,INDUSINDBK
36,"2016-02-29 13:30:00",831.20,"2016-02-29 15:15:00",837.00,5.80,INDUSINDBK
36,"2015-03-02 14:45:00",943.75,"2015-03-02 15:00:00",946.20,2.45,INDUSINDBK
37,"2017-07-03 11:45:00",390.75,"2017-07-03 15:00:00",398.00,7.25,INFRATEL
37,"2017-07-03 11:45:00",390.75,"2017-07-03 15:15:00",398.00,7.25,INFRATEL
37,"2017-03-29 11:45:00",330.85,"2017-03-29 15:15:00",338.00,7.15,INFRATEL
37,"2016-11-09 10:15:00",356.15,"2016-11-09 15:15:00",365.45,9.30,INFRATEL
37,"2016-07-27 11:30:00",377.15,"2016-07-27 15:00:00",381.70,4.55,INFRATEL
37,"2016-01-27 14:30:00",388.00,"2016-01-27 14:45:00",387.05,-0.95,INFRATEL
37,"2016-02-29 13:45:00",369.45,"2016-02-29 14:00:00",368.70,-0.75,INFRATEL
37,"2016-03-01 12:45:00",375.30,"2016-03-01 13:45:00",375.50,0.20,INFRATEL
37,"2015-08-31 10:15:00",423.65,"2015-08-31 11:00:00",423.25,-0.40,INFRATEL
37,"2015-09-22 12:00:00",415.90,"2015-09-22 15:15:00",418.00,2.10,INFRATEL
37,"2015-10-01 11:15:00",379.45,"2015-10-01 15:00:00",398.60,19.15,INFRATEL
37,"2015-10-01 14:30:00",390.80,"2015-10-01 15:00:00",398.60,7.80,INFRATEL
37,"2015-10-05 09:30:00",411.75,"2015-10-05 13:45:00",418.45,6.70,INFRATEL
37,"2015-10-05 10:15:00",411.00,"2015-10-05 13:45:00",418.45,7.45,INFRATEL
37,"2015-10-19 11:15:00",408.50,"2015-10-19 15:00:00",415.05,6.55,INFRATEL
37,"2015-06-10 09:45:00",461.80,"2015-06-10 10:00:00",460.00,-1.80,INFRATEL
37,"2015-06-11 11:00:00",460.90,"2015-06-11 11:30:00",473.25,12.35,INFRATEL
37,"2015-06-17 14:30:00",474.20,"2015-06-17 15:15:00",474.90,0.70,INFRATEL
37,"2015-06-17 15:00:00",474.20,"2015-06-17 15:15:00",474.90,0.70,INFRATEL
37,"2015-07-17 11:00:00",472.35,"2015-07-17 11:15:00",472.00,-0.35,INFRATEL
37,"2015-04-27 12:00:00",392.85,"2015-04-27 15:15:00",397.00,4.15,INFRATEL
37,"2015-05-29 12:15:00",459.70,"2015-05-29 15:00:00",479.95,20.25,INFRATEL
37,"2015-05-29 13:45:00",467.75,"2015-05-29 15:00:00",479.95,12.20,INFRATEL
37,"2015-05-29 14:00:00",469.45,"2015-05-29 15:00:00",479.95,10.50,INFRATEL
37,"2014-12-04 11:30:00",297.00,"2014-12-04 11:45:00",296.80,-0.20,INFRATEL
37,"2014-12-11 09:30:00",350.75,"2014-12-11 12:15:00",354.20,3.45,INFRATEL
37,"2014-12-15 13:45:00",349.80,"2014-12-15 14:00:00",349.95,0.15,INFRATEL
37,"2015-01-01 13:15:00",339.20,"2015-01-01 14:00:00",340.00,0.80,INFRATEL
37,"2015-01-01 13:15:00",339.20,"2015-01-01 15:15:00",340.00,0.80,INFRATEL
38,"2015-08-25 14:15:00",1093.10,"2015-08-25 14:30:00",1092.90,-0.20,INFY
39,"2016-10-06 11:45:00",328.53,"2016-10-06 12:15:00",330.08,1.55,IOC
39,"2016-11-09 11:00:00",306.50,"2016-11-09 15:15:00",317.10,10.60,IOC
39,"2016-11-09 11:15:00",306.80,"2016-11-09 15:15:00",317.10,10.30,IOC
39,"2016-05-27 11:30:00",211.30,"2016-05-27 14:30:00",215.43,4.13,IOC
39,"2015-03-31 11:00:00",186.95,"2015-03-31 11:15:00",186.48,-0.47,IOC
39,"2015-04-08 10:15:00",191.48,"2015-04-08 13:45:00",191.05,-0.43,IOC
39,"2015-03-02 11:15:00",175.50,"2015-03-02 13:00:00",177.50,2.00,IOC
40,"2017-05-29 09:45:00",318.20,"2017-05-29 14:00:00",318.40,0.20,ITC
41,"2017-08-11 11:15:00",225.30,"2017-08-11 11:30:00",225.55,0.25,JSWSTEEL
41,"2017-04-19 10:15:00",191.40,"2017-04-19 11:00:00",191.55,0.15,JSWSTEEL
41,"2017-02-01 14:45:00",198.60,"2017-02-01 15:00:00",197.90,-0.70,JSWSTEEL
41,"2016-11-09 13:00:00",165.96,"2016-11-09 13:45:00",168.62,2.66,JSWSTEEL
41,"2016-11-09 14:45:00",167.85,"2016-11-09 15:00:00",168.16,0.31,JSWSTEEL
41,"2016-02-12 15:00:00",100.60,"2016-02-12 15:15:00",101.10,0.50,JSWSTEEL
41,"2015-04-09 14:00:00",95.57,"2015-04-09 15:15:00",95.88,0.31,JSWSTEEL
41,"2015-05-18 10:45:00",89.76,"2015-05-18 15:15:00",91.28,1.52,JSWSTEEL
42,"2017-01-11 13:15:00",730.45,"2017-01-11 14:15:00",732.30,1.85,KOTAKBANK
42,"2017-01-25 14:15:00",796.40,"2017-01-25 14:30:00",796.50,0.10,KOTAKBANK
42,"2016-11-09 13:45:00",807.05,"2016-11-09 15:15:00",823.95,16.90,KOTAKBANK
43,"2018-01-22 14:00:00",176.90,"2018-01-22 15:15:00",178.25,1.35,L&TFH
43,"2018-02-02 11:15:00",162.20,"2018-02-02 11:45:00",164.25,2.05,L&TFH
43,"2017-09-15 14:15:00",208.65,"2017-09-15 14:30:00",208.10,-0.55,L&TFH
43,"2017-10-26 11:30:00",199.60,"2017-10-26 12:45:00",201.60,2.00,L&TFH
43,"2017-05-02 13:45:00",133.10,"2017-05-02 15:15:00",134.30,1.20,L&TFH
43,"2016-09-30 12:45:00",89.95,"2016-09-30 14:45:00",92.25,2.30,L&TFH
43,"2016-11-09 14:15:00",101.45,"2016-11-09 14:30:00",101.20,-0.25,L&TFH
43,"2016-06-24 14:00:00",73.25,"2016-06-24 15:00:00",73.05,-0.20,L&TFH
43,"2016-08-12 11:45:00",92.10,"2016-08-12 12:00:00",91.90,-0.20,L&TFH
43,"2016-03-22 14:30:00",63.35,"2016-03-22 15:00:00",63.30,-0.05,L&TFH
43,"2015-08-25 12:45:00",61.00,"2015-08-25 15:15:00",61.80,0.80,L&TFH
44,"2016-11-09 11:30:00",905.33,"2016-11-09 14:30:00",931.80,26.47,LT
44,"2016-02-12 15:00:00",705.70,"2016-02-12 15:15:00",700.00,-5.70,LT
44,"2016-02-17 11:30:00",746.00,"2016-02-17 12:00:00",753.93,7.93,LT
44,"2016-02-17 12:45:00",747.33,"2016-02-17 15:15:00",749.97,2.64,LT
44,"2015-02-10 11:30:00",1070.53,"2015-02-10 11:45:00",1061.33,-9.20,LT
45,"2017-06-01 09:45:00",1181.50,"2017-06-01 10:15:00",1178.00,-3.50,LUPIN
45,"2016-02-05 12:15:00",1683.00,"2016-02-05 15:15:00",1815.15,132.15,LUPIN
45,"2016-03-29 14:15:00",1388.40,"2016-03-29 14:45:00",1407.15,18.75,LUPIN
45,"2015-05-29 13:30:00",1802.50,"2015-05-29 15:00:00",1842.25,39.75,LUPIN
46,"2016-02-12 13:45:00",583.38,"2016-02-12 15:15:00",583.78,0.40,M&M
46,"2016-03-01 13:45:00",633.75,"2016-03-01 14:45:00",635.50,1.75,M&M
48,"2018-01-24 12:30:00",3542.85,"2018-01-24 13:00:00",3550.00,7.15,MCDOWELL
48,"2017-05-23 10:15:00",2002.85,"2017-05-23 13:45:00",2023.00,20.15,MCDOWELL
48,"2017-06-05 11:00:00",2459.00,"2017-06-05 13:45:00",2512.75,53.75,MCDOWELL
48,"2016-11-22 13:15:00",1846.90,"2016-11-22 15:15:00",1891.05,44.15,MCDOWELL
48,"2017-01-17 14:15:00",2087.85,"2017-01-17 14:45:00",2099.15,11.30,MCDOWELL
48,"2017-01-18 11:15:00",2210.45,"2017-01-18 11:30:00",2215.00,4.55,MCDOWELL
48,"2016-05-03 13:00:00",2467.05,"2016-05-03 13:45:00",2487.20,20.15,MCDOWELL
48,"2016-05-03 13:30:00",2469.40,"2016-05-03 13:45:00",2487.20,17.80,MCDOWELL
48,"2016-02-03 13:30:00",2573.55,"2016-02-03 14:00:00",2581.00,7.45,MCDOWELL
48,"2016-02-25 13:30:00",2663.95,"2016-02-25 14:00:00",2682.95,19.00,MCDOWELL
48,"2016-03-08 10:15:00",2466.00,"2016-03-08 10:30:00",2470.50,4.50,MCDOWELL
48,"2015-05-13 15:00:00",3613.95,"2015-05-13 15:15:00",3573.00,-40.95,MCDOWELL
48,"2015-03-03 10:45:00",3610.00,"2015-03-03 11:30:00",3609.60,-0.40,MCDOWELL
48,"2015-03-04 13:00:00",3829.95,"2015-03-04 13:15:00",4000.00,170.05,MCDOWELL
49,"2017-05-19 14:00:00",277.37,"2017-05-19 15:15:00",285.40,8.03,MOTHERSUMI
49,"2017-06-12 10:15:00",318.50,"2017-06-12 10:30:00",320.73,2.23,MOTHERSUMI
49,"2016-11-16 10:30:00",193.23,"2016-11-16 14:15:00",201.70,8.47,MOTHERSUMI
49,"2016-11-09 14:45:00",205.50,"2016-11-09 15:15:00",205.90,0.40,MOTHERSUMI
49,"2016-05-17 12:45:00",192.37,"2016-05-17 14:00:00",196.83,4.46,MOTHERSUMI
49,"2016-01-19 14:15:00",168.40,"2016-01-19 14:30:00",166.67,-1.73,MOTHERSUMI
49,"2016-02-17 12:00:00",145.90,"2016-02-17 14:30:00",149.00,3.10,MOTHERSUMI
49,"2016-02-24 10:15:00",143.37,"2016-02-24 13:45:00",143.80,0.43,MOTHERSUMI
49,"2015-08-25 13:45:00",196.73,"2015-08-25 15:15:00",198.63,1.90,MOTHERSUMI
49,"2015-10-12 10:15:00",167.13,"2015-10-12 12:00:00",171.20,4.07,MOTHERSUMI
49,"2015-04-28 10:45:00",204.51,"2015-04-28 15:00:00",206.80,2.29,MOTHERSUMI
49,"2015-04-30 10:30:00",217.29,"2015-04-30 15:15:00",224.67,7.38,MOTHERSUMI
50,"2016-09-23 13:30:00",46155.50,"2016-09-23 13:45:00",46260.60,105.10,MRF
50,"2016-11-09 09:45:00",49864.45,"2016-11-09 14:00:00",51860.00,1995.55,MRF
50,"2016-03-29 15:00:00",37024.00,"2016-03-29 15:15:00",36799.00,-225.00,MRF
51,"2015-01-16 11:45:00",6967.40,"2015-01-16 14:15:00",6989.00,21.60,NESTLEIND
51,"2015-01-16 11:45:00",6967.40,"2015-01-16 14:30:00",6989.00,21.60,NESTLEIND
51,"2015-01-16 11:45:00",6967.40,"2015-01-16 14:45:00",6989.00,21.60,NESTLEIND
52,"2016-11-09 11:45:00",153.85,"2016-11-09 15:15:00",155.15,1.30,NTPC
52,"2015-08-25 12:45:00",121.45,"2015-08-25 14:15:00",121.35,-0.10,NTPC
52,"2015-08-28 10:30:00",124.40,"2015-08-28 12:15:00",124.55,0.15,NTPC
52,"2015-08-28 10:30:00",124.40,"2015-08-28 12:30:00",124.55,0.15,NTPC
53,"2016-11-09 09:45:00",176.30,"2016-11-09 14:45:00",180.13,3.83,ONGC
53,"2016-11-09 11:00:00",174.33,"2016-11-09 14:45:00",180.13,5.80,ONGC
54,"2016-11-15 13:45:00",617.65,"2016-11-15 14:00:00",619.30,1.65,PIDILITIND
54,"2016-02-10 13:15:00",592.45,"2016-02-10 15:15:00",592.90,0.45,PIDILITIND
54,"2016-02-22 09:45:00",643.95,"2016-02-22 10:30:00",646.00,2.05,PIDILITIND
54,"2015-08-25 14:15:00",539.65,"2015-08-25 15:15:00",545.90,6.25,PIDILITIND
54,"2015-08-26 11:45:00",548.95,"2015-08-26 14:45:00",554.95,6.00,PIDILITIND
54,"2015-08-04 15:00:00",591.80,"2015-08-04 15:15:00",593.00,1.20,PIDILITIND
54,"2015-01-14 11:45:00",565.65,"2015-01-14 12:00:00",572.75,7.10,PIDILITIND
54,"2015-01-15 12:45:00",576.00,"2015-01-15 15:00:00",587.35,11.35,PIDILITIND
54,"2014-11-21 15:00:00",439.75,"2014-11-21 15:15:00",441.75,2.00,PIDILITIND
54,"2014-12-17 12:45:00",459.00,"2014-12-17 14:30:00",466.05,7.05,PIDILITIND
54,"2014-12-26 12:15:00",512.70,"2014-12-26 14:00:00",514.50,1.80,PIDILITIND
55,"2017-12-18 10:15:00",171.60,"2017-12-18 11:45:00",180.10,8.50,PNB
55,"2018-01-24 14:00:00",193.40,"2018-01-24 15:15:00",195.45,2.05,PNB
55,"2017-05-16 13:45:00",177.15,"2017-05-16 14:00:00",175.15,-2.00,PNB
55,"2017-05-25 14:45:00",149.20,"2017-05-25 15:15:00",151.20,2.00,PNB
55,"2016-11-09 14:15:00",143.20,"2016-11-09 14:30:00",142.60,-0.60,PNB
55,"2016-07-14 11:30:00",130.80,"2016-07-14 13:30:00",133.60,2.80,PNB
55,"2016-07-14 13:45:00",133.50,"2016-07-14 15:15:00",133.50,0.00,PNB
55,"2016-08-12 13:45:00",122.60,"2016-08-12 14:30:00",122.90,0.30,PNB
55,"2016-08-12 13:45:00",122.60,"2016-08-12 15:00:00",122.90,0.30,PNB
55,"2016-06-08 12:45:00",80.45,"2016-06-08 13:45:00",81.30,0.85,PNB
55,"2016-02-17 11:30:00",71.80,"2016-02-17 15:15:00",73.00,1.20,PNB
55,"2016-02-19 12:45:00",75.55,"2016-02-19 14:00:00",76.55,1.00,PNB
55,"2016-03-04 11:30:00",82.10,"2016-03-04 14:00:00",84.20,2.10,PNB
55,"2015-09-29 11:15:00",135.10,"2015-09-29 14:00:00",136.75,1.65,PNB
55,"2015-09-29 12:15:00",135.55,"2015-09-29 14:00:00",136.75,1.20,PNB
55,"2015-07-31 10:15:00",151.80,"2015-07-31 14:15:00",154.30,2.50,PNB
56,"2017-04-19 11:30:00",210.80,"2017-04-19 14:00:00",212.05,1.25,POWERGRID
56,"2016-11-09 10:00:00",174.00,"2016-11-09 15:00:00",180.30,6.30,POWERGRID
57,"2016-11-09 09:45:00",488.43,"2016-11-09 14:15:00",502.00,13.57,RELIANCE
57,"2016-11-09 11:00:00",489.80,"2016-11-09 15:00:00",502.73,12.93,RELIANCE
57,"2016-02-17 11:30:00",471.53,"2016-02-17 15:15:00",478.05,6.52,RELIANCE
57,"2016-02-29 13:45:00",487.68,"2016-02-29 14:00:00",487.68,0.00,RELIANCE
57,"2015-08-25 12:45:00",424.48,"2015-08-25 15:15:00",429.15,4.67,RELIANCE
58,"2016-11-09 09:45:00",249.25,"2016-11-09 14:00:00",260.30,11.05,SBIN
58,"2016-11-09 13:45:00",258.50,"2016-11-09 15:15:00",260.70,2.20,SBIN
58,"2016-08-12 14:15:00",244.05,"2016-08-12 14:30:00",244.65,0.60,SBIN
58,"2016-02-17 10:45:00",156.70,"2016-02-17 15:15:00",159.60,2.90,SBIN
58,"2016-02-29 13:30:00",161.05,"2016-02-29 14:00:00",159.85,-1.20,SBIN
58,"2015-11-09 10:15:00",245.85,"2015-11-09 14:45:00",247.40,1.55,SBIN
58,"2015-08-25 14:30:00",253.05,"2015-08-25 15:15:00",254.20,1.15,SBIN
59,"2017-07-31 13:30:00",18094.00,"2017-07-31 15:15:00",18755.00,661.00,SHREECEM
59,"2016-11-21 14:45:00",14375.00,"2016-11-21 15:00:00",14489.15,114.15,SHREECEM
59,"2016-12-30 13:00:00",14764.40,"2016-12-30 14:00:00",15069.85,305.45,SHREECEM
59,"2016-04-04 10:15:00",12359.30,"2016-04-04 11:00:00",12464.10,104.80,SHREECEM
59,"2016-04-29 15:00:00",12743.95,"2016-04-29 15:15:00",12750.00,6.05,SHREECEM
59,"2016-01-25 10:15:00",10179.90,"2016-01-25 13:45:00",10236.55,56.65,SHREECEM
59,"2015-11-09 10:00:00",12088.70,"2015-11-09 10:15:00",12150.00,61.30,SHREECEM
59,"2015-08-24 09:45:00",10939.30,"2015-08-24 11:00:00",11025.00,85.70,SHREECEM
59,"2015-08-25 10:00:00",11091.20,"2015-08-25 10:15:00",11069.35,-21.85,SHREECEM
59,"2015-09-10 12:30:00",11050.00,"2015-09-10 15:15:00",11275.00,225.00,SHREECEM
59,"2015-10-05 10:00:00",12549.50,"2015-10-05 15:00:00",12609.90,60.40,SHREECEM
59,"2015-10-19 14:30:00",12197.75,"2015-10-19 15:15:00",12399.00,201.25,SHREECEM
59,"2015-10-19 14:45:00",12198.00,"2015-10-19 15:15:00",12399.00,201.00,SHREECEM
59,"2015-10-20 11:15:00",12774.55,"2015-10-20 15:15:00",12881.00,106.45,SHREECEM
59,"2015-05-14 09:30:00",11371.20,"2015-05-14 12:00:00",11430.00,58.80,SHREECEM
59,"2015-05-29 14:00:00",11275.00,"2015-05-29 15:00:00",11352.20,77.20,SHREECEM
59,"2015-01-15 11:00:00",9485.00,"2015-01-15 14:15:00",10051.60,566.60,SHREECEM
59,"2014-11-10 14:45:00",9250.00,"2014-11-10 15:00:00",9250.00,0.00,SHREECEM
60,"2017-11-13 14:00:00",539.25,"2017-11-13 14:15:00",536.10,-3.15,SUNPHARMA
60,"2016-11-18 11:45:00",687.55,"2016-11-18 13:00:00",689.95,2.40,SUNPHARMA
60,"2016-11-09 11:15:00",616.00,"2016-11-09 15:15:00",666.00,50.00,SUNPHARMA
60,"2015-08-25 12:45:00",888.70,"2015-08-25 14:45:00",894.15,5.45,SUNPHARMA
60,"2015-03-05 15:00:00",1038.45,"2015-03-05 15:15:00",1041.00,2.55,SUNPHARMA
61,"2017-12-13 11:00:00",918.00,"2017-12-13 13:00:00",934.90,16.90,SUNTV
61,"2016-12-05 12:15:00",465.65,"2016-12-05 15:00:00",492.90,27.25,SUNTV
61,"2017-01-03 11:15:00",519.95,"2017-01-03 15:15:00",523.70,3.75,SUNTV
61,"2016-11-09 13:30:00",508.65,"2016-11-09 14:00:00",507.95,-0.70,SUNTV
61,"2016-07-07 15:00:00",382.10,"2016-07-07 15:15:00",381.55,-0.55,SUNTV
61,"2016-07-28 13:45:00",447.60,"2016-07-28 15:00:00",447.80,0.20,SUNTV
61,"2016-08-18 12:15:00",475.40,"2016-08-18 15:00:00",484.50,9.10,SUNTV
61,"2016-05-11 11:15:00",367.35,"2016-05-11 14:30:00",370.00,2.65,SUNTV
61,"2016-01-19 14:00:00",371.85,"2016-01-19 14:15:00",371.40,-0.45,SUNTV
61,"2016-01-13 14:30:00",404.80,"2016-01-13 14:45:00",404.90,0.10,SUNTV
61,"2015-08-25 14:15:00",321.30,"2015-08-25 15:15:00",324.60,3.30,SUNTV
61,"2015-09-01 12:15:00",349.75,"2015-09-01 12:30:00",350.35,0.60,SUNTV
61,"2015-09-08 13:30:00",378.95,"2015-09-08 14:00:00",379.90,0.95,SUNTV
61,"2015-09-22 12:00:00",367.80,"2015-09-22 12:15:00",370.05,2.25,SUNTV
61,"2015-09-29 13:30:00",359.10,"2015-09-29 14:15:00",360.50,1.40,SUNTV
61,"2015-07-29 14:00:00",287.20,"2015-07-29 15:15:00",303.55,16.35,SUNTV
61,"2015-08-17 12:45:00",362.90,"2015-08-17 15:15:00",363.40,0.50,SUNTV
61,"2015-05-12 11:30:00",363.50,"2015-05-12 13:30:00",365.00,1.50,SUNTV
61,"2015-06-04 11:30:00",355.00,"2015-06-04 14:15:00",360.00,5.00,SUNTV
61,"2015-02-09 09:30:00",411.65,"2015-02-09 13:45:00",417.45,5.80,SUNTV
61,"2014-12-17 11:30:00",345.90,"2014-12-17 12:30:00",347.25,1.35,SUNTV
62,"2015-09-08 14:15:00",330.20,"2015-09-08 14:45:00",331.50,1.30,TATAMOTORS
63,"2016-11-09 10:30:00",391.65,"2016-11-09 14:00:00",400.50,8.85,TATASTEEL
63,"2016-11-09 10:45:00",392.40,"2016-11-09 14:00:00",400.50,8.10,TATASTEEL
63,"2016-06-24 14:00:00",312.00,"2016-06-24 14:45:00",314.15,2.15,TATASTEEL
63,"2016-02-05 11:45:00",228.40,"2016-02-05 15:15:00",235.75,7.35,TATASTEEL
63,"2015-06-17 13:15:00",309.95,"2015-06-17 13:30:00",309.60,-0.35,TATASTEEL
64,"2018-01-10 14:00:00",2780.00,"2018-01-10 15:00:00",2810.00,30.00,TCS
64,"2017-05-18 13:00:00",2550.00,"2017-05-18 13:15:00",2539.50,-10.50,TCS
64,"2016-12-15 10:30:00",2261.20,"2016-12-15 14:15:00",2266.85,5.65,TCS
65,"2017-12-07 11:30:00",489.40,"2017-12-07 15:00:00",498.70,9.30,TECHM
65,"2016-11-25 10:00:00",474.25,"2016-11-25 14:45:00",487.45,13.20,TECHM
65,"2016-11-07 12:15:00",443.35,"2016-11-07 14:15:00",448.00,4.65,TECHM
65,"2016-11-09 11:45:00",433.10,"2016-11-09 14:00:00",436.80,3.70,TECHM
65,"2016-11-09 13:00:00",433.35,"2016-11-09 14:00:00",436.80,3.45,TECHM
65,"2016-05-25 11:30:00",515.00,"2016-05-25 15:15:00",530.05,15.05,TECHM
65,"2016-05-30 10:15:00",556.85,"2016-05-30 10:30:00",557.85,1.00,TECHM
66,"2017-08-04 10:00:00",605.50,"2017-08-04 12:00:00",612.75,7.25,TITAN
66,"2017-05-29 11:30:00",484.60,"2017-05-29 12:00:00",484.40,-0.20,TITAN
66,"2017-02-21 14:15:00",451.60,"2017-02-21 15:00:00",456.55,4.95,TITAN
66,"2016-12-05 14:30:00",319.70,"2016-12-05 15:00:00",326.00,6.30,TITAN
66,"2015-01-28 14:15:00",432.30,"2015-01-28 15:00:00",435.50,3.20,TITAN
67,"2016-08-05 13:30:00",3831.55,"2016-08-05 13:45:00",3830.25,-1.30,ULTRACEMCO
67,"2015-02-03 11:00:00",3140.70,"2015-02-03 14:00:00",3129.20,-11.50,ULTRACEMCO
67,"2015-03-02 11:15:00",3248.75,"2015-03-02 15:15:00",3377.00,128.25,ULTRACEMCO
68,"2016-11-22 15:00:00",605.95,"2016-11-22 15:15:00",611.20,5.25,UPL
68,"2016-12-23 12:30:00",630.55,"2016-12-23 13:15:00",634.95,4.40,UPL
68,"2016-09-23 11:30:00",704.90,"2016-09-23 11:45:00",700.60,-4.30,UPL
68,"2015-08-25 12:45:00",499.60,"2015-08-25 13:45:00",504.00,4.40,UPL
68,"2015-09-11 10:00:00",507.05,"2015-09-11 14:45:00",507.05,0.00,UPL
68,"2015-04-07 14:00:00",470.25,"2015-04-07 14:15:00",476.90,6.65,UPL
69,"2018-02-01 13:45:00",344.65,"2018-02-01 15:15:00",343.05,-1.60,VEDL
69,"2017-04-28 11:45:00",243.65,"2017-04-28 14:30:00",244.30,0.65,VEDL
69,"2017-04-28 11:45:00",243.65,"2017-04-28 14:45:00",244.30,0.65,VEDL
69,"2016-09-30 14:45:00",172.60,"2016-09-30 15:15:00",172.55,-0.05,VEDL
69,"2016-11-09 09:45:00",210.00,"2016-11-09 14:45:00",216.50,6.50,VEDL
69,"2016-11-09 14:15:00",214.35,"2016-11-09 15:15:00",217.75,3.40,VEDL
69,"2016-06-24 13:30:00",117.20,"2016-06-24 15:00:00",117.90,0.70,VEDL
69,"2016-07-13 11:00:00",168.70,"2016-07-13 11:15:00",169.80,1.10,VEDL
69,"2016-07-22 10:15:00",160.80,"2016-07-22 14:30:00",169.60,8.80,VEDL
69,"2016-07-25 10:45:00",170.55,"2016-07-25 14:15:00",173.75,3.20,VEDL
69,"2016-07-25 14:45:00",173.20,"2016-07-25 15:00:00",172.35,-0.85,VEDL
69,"2016-06-08 11:15:00",111.60,"2016-06-08 15:00:00",111.80,0.20,VEDL
69,"2016-06-08 11:30:00",111.55,"2016-06-08 15:00:00",111.80,0.25,VEDL
69,"2016-01-19 11:15:00",70.10,"2016-01-19 12:45:00",70.90,0.80,VEDL
69,"2016-01-29 11:30:00",72.40,"2016-01-29 12:00:00",72.30,-0.10,VEDL
69,"2016-02-03 14:30:00",62.40,"2016-02-03 14:45:00",62.40,0.00,VEDL
69,"2016-02-15 10:00:00",68.55,"2016-02-15 15:00:00",75.35,6.80,VEDL
69,"2016-02-17 11:30:00",69.90,"2016-02-17 15:00:00",74.65,4.75,VEDL
69,"2016-02-17 12:15:00",69.40,"2016-02-17 15:00:00",74.65,5.25,VEDL
69,"2016-02-29 13:30:00",75.00,"2016-02-29 13:45:00",74.65,-0.35,VEDL
69,"2016-03-01 15:00:00",74.90,"2016-03-01 15:15:00",75.50,0.60,VEDL
69,"2016-03-04 13:45:00",87.85,"2016-03-04 14:00:00",88.40,0.55,VEDL
69,"2016-01-08 13:00:00",82.10,"2016-01-08 13:15:00",81.85,-0.25,VEDL
69,"2015-09-08 14:15:00",94.10,"2015-09-08 14:30:00",93.65,-0.45,VEDL
69,"2015-02-03 14:30:00",209.75,"2015-02-03 14:45:00",211.20,1.45,VEDL
70,"2015-04-21 11:45:00",287.50,"2015-04-21 15:15:00",294.00,6.50,WIPRO
71,"2016-11-09 09:45:00",236.81,"2016-11-09 14:15:00",244.48,7.67,YESBANK
71,"2016-11-09 14:15:00",244.48,"2016-11-09 15:15:00",244.22,-0.26,YESBANK
71,"2016-03-02 10:30:00",150.78,"2016-03-02 13:00:00",151.52,0.74,YESBANK
71,"2015-09-29 12:30:00",147.31,"2015-09-29 14:00:00",149.39,2.08,YESBANK
71,"2015-10-29 14:15:00",148.46,"2015-10-29 15:15:00",148.90,0.44,YESBANK
72,"2016-11-09 13:00:00",505.80,"2016-11-09 14:00:00",515.00,9.20,ZEEL
72,"2016-11-09 13:45:00",513.45,"2016-11-09 14:00:00",515.00,1.55,ZEEL
72,"2015-08-26 11:00:00",369.60,"2015-08-26 14:15:00",376.55,6.95,ZEEL
